{
  "./data/zones/zone1.jpg": {
    "pos": [
      [
        1425,
        25
      ],
      [
        1075,
        125
      ],
      [
        1225,
        225
      ]
    ],
    "probas": [
      0.9323172569274902,
      0.8265524506568909,
      0.9868775010108948
    ],
    "nbPools": 3
  },
  "./data/zones/zone10.jpg": {
    "pos": [
      [
        1075,
        175
      ],
      [
        1075,
        775
      ],
      [
        1125,
        450
      ]
    ],
    "probas": [
      0.9999622702598572,
      0.6400855779647827,
      0.7653828859329224
    ],
    "nbPools": 3
  },
  "./data/zones/zone11.jpg": {
    "pos": [
      [
        575,
        25
      ],
      [
        925,
        75
      ],
      [
        325,
        125
      ],
      [
        1225,
        125
      ]
    ],
    "probas": [
      0.9998767375946045,
      0.5540408492088318,
      0.9964917898178101,
      0.6747792959213257
    ],
    "nbPools": 4
  },
  "./data/zones/zone12.jpg": {
    "pos": [
      [
        175,
        625
      ],
      [
        525,
        625
      ],
      [
        275,
        725
      ],
      [
        625,
        400
      ]
    ],
    "probas": [
      0.5603097677230835,
      0.9558591842651367,
      0.986599862575531,
      0.9999657869338989
    ],
    "nbPools": 4
  },
  "./data/zones/zone13.jpg": {
    "pos": [
      [
        1525,
        425
      ],
      [
        775,
        525
      ],
      [
        1375,
        675
      ]
    ],
    "probas": [
      0.9424369931221008,
      0.8884791135787964,
      0.9992472529411316
    ],
    "nbPools": 3
  },
  "./data/zones/zone14.jpg": {
    "pos": [
      [
        875,
        225
      ],
      [
        575,
        275
      ],
      [
        525,
        375
      ],
      [
        75,
        625
      ]
    ],
    "probas": [
      0.8367421627044678,
      0.5139486193656921,
      0.9990637898445129,
      0.8053144216537476
    ],
    "nbPools": 4
  },
  "./data/zones/zone15.jpg": {
    "pos": [
      [
        225,
        75
      ],
      [
        1125,
        75
      ],
      [
        675,
        125
      ],
      [
        875,
        225
      ],
      [
        725,
        425
      ],
      [
        1525,
        425
      ],
      [
        575,
        750
      ]
    ],
    "probas": [
      0.9993380308151245,
      0.5814498662948608,
      0.9972071647644043,
      0.73335200548172,
      0.9980230331420898,
      0.7268540859222412,
      0.9956696033477783
    ],
    "nbPools": 7
  },
  "./data/zones/zone16.jpg": {
    "pos": [
      [
        925,
        175
      ],
      [
        1075,
        175
      ],
      [
        525,
        225
      ],
      [
        575,
        325
      ],
      [
        1525,
        425
      ],
      [
        1575,
        475
      ],
      [
        900,
        325
      ]
    ],
    "probas": [
      0.8917722702026367,
      0.997890293598175,
      0.5761250257492065,
      0.588792622089386,
      0.8883947134017944,
      0.9596796035766602,
      0.9307830929756165
    ],
    "nbPools": 7
  },
  "./data/zones/zone17.jpg": {
    "pos": [
      [
        175,
        25
      ],
      [
        1025,
        275
      ],
      [
        175,
        375
      ],
      [
        625,
        375
      ],
      [
        875,
        425
      ],
      [
        425,
        475
      ],
      [
        625,
        575
      ],
      [
        725,
        575
      ],
      [
        125,
        625
      ],
      [
        775,
        775
      ]
    ],
    "probas": [
      0.6814574599266052,
      0.6280173063278198,
      0.9573318362236023,
      0.9382002353668213,
      0.9145658016204834,
      0.9928760528564453,
      0.9999861717224121,
      0.7430968284606934,
      0.9998726844787598,
      0.9812929630279541
    ],
    "nbPools": 10
  },
  "./data/zones/zone18.jpg": {
    "pos": [
      [
        275,
        125
      ],
      [
        1425,
        225
      ],
      [
        1125,
        275
      ],
      [
        925,
        525
      ],
      [
        875,
        575
      ],
      [
        1475,
        675
      ],
      [
        1000,
        75
      ]
    ],
    "probas": [
      0.9920390248298645,
      0.7856220006942749,
      0.5162228345870972,
      0.9985809922218323,
      0.878549337387085,
      0.9921371936798096,
      0.9999746084213257
    ],
    "nbPools": 7
  },
  "./data/zones/zone19.jpg": {
    "pos": [
      [
        725,
        225
      ],
      [
        525,
        425
      ],
      [
        1375,
        775
      ],
      [
        1575,
        775
      ],
      [
        950,
        425
      ]
    ],
    "probas": [
      0.9777478575706482,
      0.9999719858169556,
      0.9871490001678467,
      0.806039571762085,
      0.999977707862854
    ],
    "nbPools": 5
  },
  "./data/zones/zone2.jpg": {
    "pos": [
      [
        1325,
        425
      ],
      [
        1475,
        625
      ]
    ],
    "probas": [
      0.995520830154419,
      0.9401934742927551
    ],
    "nbPools": 2
  },
  "./data/zones/zone20.jpg": {
    "pos": [
      [
        175,
        125
      ],
      [
        125,
        375
      ],
      [
        1575,
        375
      ],
      [
        1125,
        575
      ],
      [
        1175,
        625
      ],
      [
        475,
        400
      ],
      [
        950,
        425
      ]
    ],
    "probas": [
      0.9996178150177002,
      0.6774685382843018,
      0.9292333126068115,
      0.5909243822097778,
      0.9969289302825928,
      0.9847262501716614,
      0.9997792840003967
    ],
    "nbPools": 7
  },
  "./data/zones/zone21.jpg": {
    "pos": [
      [
        475,
        375
      ],
      [
        1325,
        475
      ],
      [
        25,
        525
      ],
      [
        1175,
        575
      ],
      [
        1425,
        575
      ],
      [
        1575,
        725
      ]
    ],
    "probas": [
      0.5579822063446045,
      0.7239254713058472,
      0.9975662231445312,
      0.9996016025543213,
      0.9971426725387573,
      0.8890162706375122
    ],
    "nbPools": 6
  },
  "./data/zones/zone22.jpg": {
    "pos": [
      [
        125,
        725
      ],
      [
        475,
        775
      ],
      [
        125,
        200
      ]
    ],
    "probas": [
      0.738499641418457,
      0.9993033409118652,
      0.9907804131507874
    ],
    "nbPools": 3
  },
  "./data/zones/zone23.jpg": {
    "pos": [
      [
        175,
        275
      ],
      [
        675,
        675
      ],
      [
        825,
        675
      ],
      [
        1425,
        675
      ]
    ],
    "probas": [
      0.6383740901947021,
      0.8175712823867798,
      0.9422515034675598,
      0.9622998237609863
    ],
    "nbPools": 4
  },
  "./data/zones/zone24.jpg": {
    "pos": [
      [
        1325,
        275
      ],
      [
        1425,
        425
      ]
    ],
    "probas": [
      0.8149442672729492,
      0.7723106145858765
    ],
    "nbPools": 2
  },
  "./data/zones/zone25.jpg": {
    "pos": [
      [
        1125,
        625
      ],
      [
        1175,
        725
      ],
      [
        700,
        425
      ],
      [
        1025,
        600
      ]
    ],
    "probas": [
      0.9955494403839111,
      0.9554283618927002,
      0.9851648807525635,
      0.967391312122345
    ],
    "nbPools": 4
  },
  "./data/zones/zone26.jpg": {
    "pos": [
      [
        625,
        25
      ],
      [
        775,
        525
      ],
      [
        1550,
        675
      ]
    ],
    "probas": [
      0.630921483039856,
      0.9962137937545776,
      0.9969099164009094
    ],
    "nbPools": 3
  },